Gene,Name,Sequence,Direction
nucssu,BMB-A,GWATTACCGCGGCKGCTG,reverse
nucssu,BMB-B,CCGTCAATTCMTTTRAGTTT,reverse
nucssu,BMB-C,ACGGGCGGTGTGTRC,reverse
nucssu,BMB-BR,CTTAAAGGAATTGACGGAA,forward
nucssu,BMB-CR,GTACACACCGCCCGTCG,forward
nucssu,NS1,GTAGTCATATGCTTGTCTC,forward
nucssu,NS2,GGCTGCTGGCACCAGACTTGC,reverse
nucssu,NS3,GCAAGTCTGGTGCCAGCAGCC,forward
nucssu,NS4,CTTCCGTCAATTCCTTTAAG,reverse
nucssu,NS5,AACTTAAAGGAATTGACGGAAG,forward
nucssu,NS6,GCATCACAGACCTGTTATTGCCTC,reverse
nucssu,NS7,GAGGCAATAACAGGTCTGTGATGC,forward
nucssu,NS8,TCCGCAGGTTCACCTACGGA,reverse
nucssu,NS17,CATGTCTAAGTTTAAGCAA,forward
nucssu,NS18,CTCATTCCAATTACAAGACC,reverse
nucssu,NS19,CCGGAGAAGGAGCCTGAGAAAC,forward
nucssu,NS20,CGTCCCTATTAATCATTACG,reverse
nucssu,NS21,GAATAATAGAATAGGACG,forward
nucssu,NS22,AATTAAGCAGACAAATCACT,reverse
nucssu,NS23,GACTCAACACGGGGAAACTC,forward
nucssu,NS24,AAACCTTGTTACGACTTTTA,reverse
nucssu,SR1,ATTACCGCGGCTGCT,reverse
nucssu,SR1R,TACCTGGTTGATTCTGC,forward
nucssu,SR2,CGGCCATGCACCACC,reverse
nucssu,SR3,GAAAGTTGATAGGGCT,reverse
nucssu,SR4,AAACCAACAAAATAGAA,reverse
nucssu,SR5,GTGCCCTTCCGTCAATT,reverse
nucssu,SR6,TGTTACGACTTTTACTT,reverse
nucssu,SR7,GTTCAACTACGAGCTTTTTAA,reverse
nucssu,SR7R,TTAAAAAGCTCGTAGTTGAAC,forward
nucssu,SR8R,GAACCAGGACTTTTACCTT,forward
nucssu,SR9R,YAGAGGTGAAATTCT,forward
nucssu,SR10R,TTTGACTCAACACGGG,forward
nucssu,SR11R,GGAGCCTGAGAAACGGCTAC,forward
nucssu,SR11,GTAGCCGTTTCTCAGGCTCC,reverse
nucssu,1,GCTCTTTCTTGATTTTGT,forward
nucssu,3,TTTGAGGCAATAACAGGT,forward
nucssu,4,CATCTAAGGGCATCACAG,reverse
nucssu,5,TTGTCTCTGTCAGTGTAG,reverse
nucssu,6,CAACGAGGAATTCCTAGT,forward
nucssu,9,AATGATCCTTCCGCAGGT,reverse
nucssu,nssu131,CAGTTATCGTTTATTTGATAGTACC,forward
nucssu,nssu131R,GGTACTATCAAATAAACGATAACTG,reverse
nucssu,nssu97b,CGGTGAAACTGCGAATGGC,forward
nucssu,nssu97a,TATACGGTGAAACTGCGAATGGC,forward
nucssu,nssu634,CCCCAGAAGGAAAGICCCGICC,reverse
nucssu,nssu897R,AGAGGTGAAATTCTTGGA,forward
nucssu,nssu1088,TGATTTCTCGTAAGGTGCCG,reverse
nucssu,nssu1088R,CGGCACCTTACGAGAAATCA,forward
nuclsu,GUADET_P1,GAGTCGAGTTGTTTGGGAATGCAGC,forward
nuclsu,GUADET_P2,GAAAAGAACTTTGAAAAGAGAGTGAA,forward
nuclsu,GUADET_P3,CCCGTCTTGAAACACGGACCAAGG,forward
nuclsu,P2R,CTCTCTTTTCAAAGTTCTTTTCATCT,reverse
nuclsu,LR0R2,ACCCGCTGAACTTAAGC,forward
nuclsu,LR0R,GTACCCGCTGAACTTAAGC,forward
nuclsu,LR1R,AGGAAAAGAAACCAACC,forward
nuclsu,LR2,TTTTCAAAGTTCTTTTC,reverse
nuclsu,LR2R,AAGAACTTTGAAAAGAG,forward
nuclsu,LR3,GGTCCGTGTTTCAAGAC,reverse
nuclsu,LR3R,GTCTTGAAACACGGACC,forward
nuclsu,LR4,ACCAGAGTTTCCTCTGG,reverse
nuclsu,LR5,ATCCTGAGGGAAACTTC,reverse
nuclsu,LR5R,GAAGTTTCCCTCAGGAT,forward
nuclsu,LR6,CGCCAGTTCTGCTTACC,reverse
nuclsu,LR6R,GGTAAGCAGAACTGGCG,forward
nuclsu,LR7,TACTACCACCAAGATCT,reverse
nuclsu,LR7R,AGATCTTGGTGGTAGTA,forward
nuclsu,LR8,CACCTTGGAGACCTGCT,reverse
nuclsu,LR8R,AGCAGGTCTCCAAGGTG,forward
nuclsu,LR9,AGAGCACTGGGCAGAAA,reverse
nuclsu,LR10,AGTCAAGCTCAACAGGG,reverse
nuclsu,LR10R,GACCCTGTTGAGCTTGA,forward
nuclsu,LR11,GCCAGTTATCCCTGTGGTAA,reverse
nuclsu,LR12,GACTTAGAGGCGTTCAG,reverse
nuclsu,LR12R,CTGAACGCCTCTAAGTCAGAA,forward
nuclsu,LR13,CATCGGAACAACAATGC,reverse
nuclsu,LR14,AGCCAAACTCCCCACCTG,reverse
nuclsu,LR15,TAAATTACAACTCGGAC,reverse
nuclsu,LR16,TTCCACCCAAACACTCG,reverse
nuclsu,LR17R,TAACCTATTCTCAAACTT,forward
nuclsu,LR20R,GTGAGACAGGTTAGTTTTACCCT,forward
nuclsu,LR21,ACTTCAAGCGTTTCCCTTT,reverse
nuclsu,LR22,CCTCACGGTACTTGTTCGCT,reverse
nuclsu,F377,AGATGAAAAGAACTTTGAAAAGAGAA,forward
nuclsu,R377,CTCTCTTTTCAAAGTTCTTTTCATCT,reverse
nuclsu,LIC15R,GGAGGAAAAGAAACCAACAG,forward
nuclsu,LIC24R,GAAACCAACAGGGATTG,forward
nuclsu,LIC52R,GGCGAGTGAAGCGGCAACAGCT,forward
nuclsu,LIC1460R,CTAGTGCAGATCTTGGTG,forward
nuclsu,LIC1569,TTAGGATCGACTAACCC,reverse
nuclsu,LIC2044,ACGCCTGCCTACTCGCC,reverse
nuclsu,LIC2028,CGCCAGGGCATCGTTCCTA,reverse
nuclsu,LIC2187R,AAGGGGAATCTGACTGTC,forward
nuclsu,LIC2197,ATTCCCCTTGTCCGTACC,reverse
nuclsu,LIC2387R,TAACGAGATTCCCACTG,forward
nuclsu,LIC2830R,CCTATCGATCCTTTAGTC,forward
nuclsu,LIC2927,GTCGCTATGAACGCTTGG,reverse
nucits,ITS1,TCCGTAGGTGAACCTGCGG,forward
nucits,ITS1F,CTTGGTCATTTAGAGGAAGTAA,forward
nucits,ITS2,GCTGCGTTCTTCATCGATGC,reverse
nucits,ITS3,GCATCGATGAAGAACGCAGC,forward
nucits,ITS4,TCCTCCGCTTATTGATATGC,reverse
nucits,ITS4B,CAGGAGACTTGTACACGGTCCAG,reverse
nucits,ITS4S,CCTCCGCTTATTGATATGCTTAAG,reverse
nucits,ITS5,GGAAGTAAAAGTCGTAACAAGG,forward
nucits,ITS5R,CCTTGTTACGACTTTTACTTCC,reverse
nucits,5_8S,CGCTGCGTTCTTCATCG,reverse
nucits,5_8SR,TCGATGAAGAACGCAGC,forward
nucits,SR6R,AAGTAPAAGTCGTAACAAGG,forward
nucits,LR1,GGTTGGTTTCTTTTCCT,reverse
nucits,SLG-1,TTGCGCAACCTGCGGAAGGAT,forward
nucits,NS24R,TAAAAGTCGTAACAAGGTTT,forward
nucssu,NS1_5,AAGGCAGCAGGCGCGCAAATTAC,forward
nucits,ITS4NA,CTTTCATCTTTCCCTCACGG,reverse
ef1a,2218R,ATGACACCRACRGCRACRGTYTG,reverse
ef1a,983,GCYCCYGGHCAYCGTGAYTTYAT,forward
ef1a,1567R,ACHGTRCCRATACCACCRATCTT,reverse
ef1a,526,GTCGTYGTYATYGGHCAYGT,forward
ef1a,1577,CARGAYGTBTACAAGATYGGTGG,forward
nucits,ITS1-CS,CAGGTGTTTCACTGCTGCTC,forward
nucits,ITS4-CS,TTTCCTTTTCATTCGCCATT,reverse
nuclsu,LR8_5,TTNTTCTATCAACTAGAGGCT,reverse
nucits,ITS1-EM,TGGTAGAGAATGATGGCTGTTG,forward
nucits,ITS4-EM,GCCTCTATGCCTAATTGCCTTT,reverse
nuclsu,LR11-CR,CCGGATTGTTACCAGCATTT,reverse
nuclsu,LR9R-CR,CTGCAGTTAACGACCAGCTT,forward
nuclsu,LR6_5R,CTGCAGTTAACGACCAGCTT,forward
nuclsu,LR7-CR,ACGATCCAAGCGCAGGAA,reverse
nuclsu,Cor3,GAAACACGGACCAGGAG,forward
nuclsu,Ram1,NNNNNNNNNNN,forward
ef1a,EF1a1F,TACAARTGYGGTGGTATYGACA,forward
ef1a,EF1a1R,ACNGACTTGACYTCAGTRGT,reverse
mitssu,MS1,CAGCAGTCAAGAATATTAGTCAATG,forward
mitssu,MS2,GCGGATTATCGAATTAAATAAC,reverse
ef1a,EF1a2F,TCNTTCAARTAYGCNTGGGT,forward
ef1a,Efgr,GCAATGTGGGCRGTRTGRCARTC,reverse
atp6,ATPC1A,AGAWCAATTYGAARTRAGAG,forward
atp6,ATPC2A,ACAAAYACTTGWGCTTGKATWAAIGC,reverse
ef1a,EF1a3R,GARACGTTCTTNACGTTGAA,reverse
rpb2,RPB2-3bF,GGWGGWTAYTTYATYATYAATGG,forward
rpb2,fRPB2-5F,GAYGAYMGWGATCAYTTYGG,forward
rpb2,fRPB2-5R,CCRAARTGATCWCKRTCRTC,reverse
rpb2,RPB2-6F,TGGGGKWTGGTYTGYCCTGC,forward
rpb2,RPB2-6R,GCAGGRCARACCAWMCCCCA,reverse
rpb2,RPB2-7F,ATGGGKAAGCARGCWATGGG,forward
rpb2,RPB2-7R,CCCATWGCYTGCTTMCCCAT,reverse
rpb2,fRPB2-7cF,ATGGGYAARCAAGCYATGGG,forward
rpb2,fRPB2-7cR,CCCATRGCTTGYTTRCCCAT,reverse
rpb2,RPB2-11aR,GTGWATYTTRTCRTCMACC,reverse
rpb2,RPB2-11bR,CAATCWCGYTCCATYTCWCC,reverse
rpb2,fRPB2-11aR,GCRTGGATCTTRTCRTCSACC,reverse
rpb1,RPB1-Ac,GARTGYCCDGGDCAYTTYGG,forward
rpb1,RPB1-Cr,CCNGCDATNTCRTTRTCCATRTA,reverse
rpb1,RPB1-Df,TACAATGCYGAYTTYGAYGG,forward
rpb1,RPB1-Dr,TTCATYTCRTCDCCRTCRAARTC,reverse
rpb1,RPB1-Fr,CCYTCNCKWCCWCCCATDGCRTG,reverse
nuclsu,COR4,GGTAAGCAGAACTGGCG,forward
mitssu,mrSSU1,AGCAGTGAGGAATATTGGTC,forward
mitssu,mrSSU2,CTGACGTTGAAGGACGAAGG,forward
mitssu,mrSSU2R,CCTTCGTCCTTCAACGTCAG,reverse
mitssu,mrSSU3R,ATGTGGCACGTCTATAGCCC,reverse
ef1a,eM13F,GTAAAACGACGGCCAG,forward
ef1a,eM13R,CAGGAAACAGCTATGAC,reverse
atp6,ATP6-3,TCTCCTTTAGAACAATTTGA,forward
atp6,ATP6-2,TAATTCTANWGCATCTTTAATRTA,reverse
ef1a,1567Rb,ACHGTRCCRATACCACCRA,reverse
ef1a,EF1-Glom1R,TTACAACCATACCGGCCTTG,reverse
atp6,ATPMF1,CAYTTYGYITTAACATTYG,forward
atp6,ATPMR1,TTTAAWCCRTATTTWKIRAAYCC,reverse
mitssu,MSR2,GGCCATGATGACTTGTC,reverse
ef1a,CEFR1,CCGTKCAARCCRGAGATGG,reverse
ef1a,CEFR2,GRGGGTCGTTCTTGGWGTC,reverse
ef1a,EF1a5R,GGGTTGWANCCRAYCTTCTT,reverse
ef1a,EF1a6R,CCACCRATCTTGTARACATCYTG,reverse
ef1a,EF1a7R,CTTGACGGACACGTTCTTGA,reverse
rpb1,RPBC-F1,GMGMAACGARGAYGAYTTGAC,forward
ef1a,Efdf,AAGGAYGGNCARACYCGNGARCAYGC,forward
rpb1,RPB1-G2R,GTCATYTGDGTDGCDGGYTCDCC,reverse
ef1a,EF1-1Fa,GCTGGTATCTCCAAGGATG,forward
ef1a,EF1-1Ra,TCRGTGAARGCCTCAAC,forward
rpb2,R22-3Fa,TGGGGWGAYRAAGAAG,forward
rpb2,R22-3Ra,GTGTGKCCRTKGKACATG,forward
nucits,5_8S2,ATTCGTTGCGTTCTTCATCG,reverse
nucssu,SR8_5R,GGGATAGTTGGGGGCATTAG,forward
nuclsu,LR11R,CATGAAAGTGTGGCCTATCG,forward
rpb1,r1-M13F,GTAAAACGACGGCCAG,forward
rpb1,r1-M13R,CAGGAAACAGCTATGAC,reverse
rpb1,RPB1-FF,CAYGCDATGGGDGGDMGDGARGG,forward
rpb1,RPB1-2F,AARGGNAARGARGGNCG,forward
rpb1,RPB1-3F,ARGATGATYTRACNYACAARCT,forward
rpb1,RPB1-3R,CCATVCCRTCYTCNCCRTA,reverse
rpb1,RPB1-4R,AARTCNACNCGYTTNCCCAT,reverse
rpb1,RPB1-BD1F,ACNRTTGAAATGACACCMGA,forward
rpb1,RPB1-BD1R,GGCCCAYTTGTCWGTAGA,reverse
rpb2,R2iF,GATGCYGARGAAGARGAGAC,forward
rpb2,R2iR,TGGGCAATTGTCATACG,reverse
rpb1,RPB1-6F,TNCAYAARATGAGTATGATGGG,forward
rpb1,RPB1-5R,GWRTCYTGNACRATNCCCAT,reverse
rpb1,RPB1-CH1R,CTCCAGMGYYTGCKTCTCAAC,reverse
rpb1,RPB1-2R,CCYTCNCMWCCVCCCATDGCRTGGAA,reverse
nucssu,Endo18S-1F,GAGGTGAAATTCTTGGATTTATGA,forward
rpb2,b10-9R,GTRAASGGYGTGGCRTCYCC,forward
rpb2,r2-M13F,GTAAAACGACGGCCAG,forward
rpb2,r2-M13R,CAGGAAACAGCTATGAC,reverse
rpb2,RPB2-1R,CRAYNGTCATWCGVGANGGRAT,reverse
rpb2,RPB2-2F,GNYTNGAYYTNGCNGGNCC,forward
rpb1,INT2-F,TTMBTCTRCTCGTTTYGCAC,forward
rpb1,INT2_1-F,GCTGAACGAGSAGTGC,forward
rpb2,bRPB2 6_3F,GTYATYGGTGTNTGGATGGG,forward
rpb2,bRPB2 8_2R,CTNCGGAANAGRCCRCGRTC,reverse
rpb1,r1 M13-F,GTAAAACGACGGCCAGTGAA,forward
rpb1,r1 M13-R,CAGGAAACAGCTATGACCAT,reverse
rpb1,RPB1-7F,CNCGNCCNGANTGGATGAT,forward
rpb2,RPB2-8_5R,GARTCYTCYTGRTTRTANCC,reverse
rpb2,RPB2-5_5F,CTNGCNACNGGNAACTGGGG,forward
rpb2,RPB2-8R,AGNGGYTTYTGNGGRTAR,reverse
rpb2,RPB2-6_5F,ARACNCCCGARGGNCARGC,forward
rpb2,RPB2-5_5R,TGNTCNCCCCAGTTNCCNGT,reverse
rpb2,RPB2-6_1R,TCNCGNCCNATNGGNGTRTT,reverse
rpb2,RPB2-9R,GTWCCYTTYTGNCCRTGNCG,reverse
rpb2,RPB2-10R,ATCTTGTCRTCNACCATRTGCTT,reverse
rpb2,mlRPB2 6R,CGAGATACATGACATAAGGGC,reverse
rpb2,mlR2 6_9F,CAAAGCTGGTACACACGCCC,forward
nucssu,PNS1,CCAAGCTTGAATTCGTAGTCATATGCTTGTC,forward
nucssu,NS19bc,GTTTCTCAGGCTCCCTCTCCGG,reverse
nucssu,NS19b,CCGGAGAGGGAGCCTGAGAAAC,forward
nucssu,NS41,CCCGTGTTGAGTCAAATTA,reverse
nucssu,NS51,GGGGGAGTATGGTCGCAAGGC,forward
rpb2,bR2-10_9R,GTRAASGGYGTGGCRTCYCC,reverse
rpb2,bRPB2-3_1F,ATYGCYCAAGARMGNATGGC,forward
rpb2,bRPB2-7R,GAYTGRTTRTGRTCRGGGAAVGG,reverse
rpb2,bRPB2-7_1R,CCCATRGCYTGYTTMCCCATDGC,reverse
rpb2,RPB2-10F,GCCACKCCSTTCACSGACGTGAC,forward
rpb2,RPB2-M13F,GTAAAACGACGGCCAGTGAA,forward
rpb2,RPB2-M13R,CAGGAAACAGCTATGACCAT,reverse
ef1a,EF-1953R,CCRGCRACRGTRTGTCTCAT,reverse
ef1a,EfcF,ATYGCYGCNGGTACYGGYGARTTCGA,forward
ef1a,EF1aZ-1R,ACATCWCCGACACCCTTGATCTTG,reverse
nucssu,AU2,TTTCGATGGTAGGATAGDGG,forward
nucssu,AU4,RTCTCACTAAGCCATTC,reverse
rpb2,bRPB2 6_9F,TGGACNCAYTGYGARATYCAYCC,forward
rpb2,bRPB2 7_1F,TCNCCNCGHAAYACNTAYCAR,forward
rpb2,bRPB2 6F,TGGGGYATGGTNTGYCCYGC,forward
nucssu,Z31G,ATGATTAATAGGGACAGTTGG,forward
atp6,atp6-1,ATTAATTSWCCWTTAGAWCAATT,forward
atp6,atp6-2,TAATTCTANWGCATCTTTAATRTA,reverse
atp6,atp6-3,TCTCCTTTAGAACAATTTGA,forward
atp6,atp6-4,AAGTACGAAWACWTGWGMTTG,reverse
ef1a,EF-2212R,CCRACRGCRACRGTYTGTCTCAT,reverse
mitssu,mtSSUc-1F,ATTRRCWTAACACATGCT,forward
mitssu,mtSSUc-1R,TTTGCTCCCCACACTTT,reverse
mitssu,mtSSUc-2R,GTRGACTAMTSRGGTATCTAATC,reverse
mitssu,mtSSUc-2F,GCWGCAGTGRGGAATNTTGGRCAAT,forward
rpb1,RPB1-G1r,TGRAADGTRTTDAGDGTCATYTG,reverse
rpb1,INT2_1-R,GCACTSCTCGYTCAGC,reverse
ef1a,EF-iR,GCRTGYTCNCGRGTYTGNCCRTC,reverse
rpb2,b7R2,ACYTGRTTRTGRTCNGGRAANGG,reverse
rpb2,b6R2,GGRCANACCATNCCCCARTG,reverse
rpb2,U6-9F,ACGCATTGYGARATYCAYCC,forward
rpb2,11R1,TGGATYTTGTCRTCCACCAT,reverse
rpb2,b10F,GTCAYGGWCAAAARGGWAC,forward
nucssu,SR6_1,TGTTACGACTTTTASTTCCTCT,reverse
nucssu,NS8_1,CCGCAGGTTCACCTACG,reverse
rpb2,b6R1,ACCATWCCCCARTGNTGRTTGTG,reverse
rpb2,bRPB2 10F,GTCAYGGWCAAAARGGWAC,forward
rpb1,VH-R,ATGACCCATCATRGAYTCCT,reverse
rpb1,VH-F,CAYAAGGARTCYATGATGG,forward
rpb1,VH/6FRev,ATGACCCATCATRGAYTCCTTRTG,reverse
rpb1,VH/6F,CAYAAGGARTCYATGATGGGTCAT,forward
rpb1,VHseq1,CGYTGRATGTANCCRGTYTC,reverse
rpb1,VHseq2,CGYTRRATRTANCCNGTYTC,reverse
rpb1,C-2f,TAYGCNMGNCCNGANTGGATGAT,forward
rpb2,R2-4Fa,GCNACNGGNAAYTGGGG,forward
rpb1,R1-DDR,TCRAARTCNGCRTTRTANGG,reverse
rpb1,R1-FFR,GTYTCNGCNGTYTTNACNGCNG,reverse
atp6,atp6-M13F,GTAAAACGACGGCCAG,forward
atp6,atp6-M13R,CAGGAAACAGCTATGAC,reverse
nucits,M13F,GTTTTCCCAGTCACGAC,forward
nucits,M13R,CAGGAAACAGCTATGAC,reverse
rpb2,fRPB2-d7R,CCCATWGCYTGCTTMCCCAT,forward
rpb2,fRPB2-8R,CGTTRYCATRGTYTCCATRC,reverse